Title,Year of Release,RT Scores,Adjusted score,Critics consensus,Synopsis,Cast,Director
Running Scared,1986,60,61.182,"Running Scared struggles to strike a consistent balance between violent action and humor, but the chemistry between its well-matched leads keeps things entertaining.","Distinguished by a sharp, witty dialogue between its two cop protagonists, Ray and Danny (Gregory Hines and Billy Crystal), this... [More]","Gregory Hines, Billy Crystal, Jimmy Smits, Steven Baue",Peter Hyams
Equilibrium,2002,40,41.993,Equilibrium is a reheated mishmash of other sci-fi movies.,"In the nation of Libria, there is always peace among men. The rules of the Librian system are simple. If... [More]","Christian Bale, Emily Watson, Taye Diggs, Angus Macfadye",Kurt Wimm
Hero,2004,95,100.762,"With death-defying action sequences and epic historic sweep, Hero offers everything a martial arts fan could ask for.",Hero is two-time Academy Award nominee Zhang Yimou's directorial attempt at exploring the concept of a Chinese hero. During the... [More],"Jet Li, Tony Leung Chiu Wai, Maggie Cheung, Daoming Che",Zhang Yimou
Road House,1989,39,41.986,Whether Road House is simply bad or so bad it's good depends largely on the audience's fondness for Swayze -- and tolerance for violently cheesy action.,Dalton (Swayze) is a true gentleman with a degree in philosophy from NYU. He also has a flip side -... [More],"Patrick Swayze, Kelly Lynch, Sam Elliott, Ben Gazz",Rowdy Herrington
Unstoppable,2010,86,91.476,"As fast, loud, and relentless as the train at the center of the story, Unstoppable is perfect popcorn entertainment -- and director Tony Scott's best movie in years.","In this action thriller from director Tony Scott, rookie train operator Will (Chris Pine) and grizzled veteran engineer Frank (Denzel... [More]","Denzel Washington, Chris Pine, Rosario Dawson, Ethan Suplee",Tony Sco
Shaft,1971,88,92.026,"This is the man that would risk his neck for his brother, man. Can you dig it?","haft, a highly successful film, spawned an industry of sequels and imitations. The daughter (Sherri Brewer) of Bumpy Jones (Moses... [More]","Richard Roundtree, Moses Gunn, Gwen Mitchell, Christopher St. Joh",Gordon Parks
The Villainess (Ak-Nyeo),2017,84,86.914,The Villainess offers enough pure kinetic thrills to satisfy genre enthusiasts -- and carve out a bloody niche for itself in modern Korean action cinema.,"ce she was a little girl, Sook-hee was raised to be a deadly assassin. She gladly accepts the chance to... [More]","Ok-bin Kim, Kim Seo-hyung, Shin Ha-kyun, Bang Sung-ju",Jung Byung-gil
Highlander,1986,69,71.928,"People hate Highlander because it's cheesy, bombastic, and absurd. And people love it for the same reasons.","Among humans for centuries, an immortal specie existed. Connor MacLeod is a member of this specie. Unaware of his powers,... [More]","Christopher Lambert, Sean Connery, Roxanne Hart, Clancy Brow",Russell Mulcah
Die Hard 2,1990,68,72.292,"It lacks the fresh thrills of its predecessor, but Die Hard 2 still works as an over-the-top -- and reasonably taut -- big-budget sequel, with plenty of set pieces to paper over the plot deficiencies.","""Another basement, another elevator...how can the same thing happen to the same guy twice?"" asks John McClane (Bruce Willis), in... [More]","Bruce Willis, Bonnie Bedelia, William Atherton, Reginald VelJohnso",Renny Harlin
National Treasure,2004,46,50.848,"National Treasure is no treasure, but it's a fun ride for those who can forgive its highly improbable plot.","Benjamin Franklin Gates is a third generation treasure hunter. All his life, Gates has been searching for a treasure no... [More]","Nicolas Cage, Diane Kruger, Justin Bartha, Sean Be",Jon Turteltaub
The Protector (Tom yum goong) (Warrior King),2005,53,55.433,"Despite some impressive fight scenes, this trimmed-down version of the Thai action pic is an off-putting mix of scant plot, choppy editing, and confusing subtitles and dubbing.","Kham's life is turned upside down when an international mafia syndicate, based in Australia, captures his two beloved elephants and... [More]","Tony Jaa, Petchtai Wongkamlao, Bongkoj Khongmalai, Bongkoo Kongmal",Prachya Pinkaew
Revenge,2018,92,97.08,"Revenge slices and dices genre tropes, working within an exploitation framework while adding a timely -- yet never less than viscerally thrilling -- feminist spin.","Jen (fearlessly embodied by Matilda Lutz, Rings) is enjoying a romantic getaway with her wealthy boyfriend which is suddenly disrupted... [More]","Matilda Anna Ingrid Lutz, Kevin Janssens, Vincent Colombe, Guillaume Bouchède",Coralie Fargea
El Mariachi,1993,93,94.587,"Made on a shoestring budget, El Mariachi's story is not new. However, the movie has so much energy that it's thoroughly enjoyable.","Filmed in two weeks on a budget of 7,000 dollars, El Mariachi was one of the singular pleasures of the... [More]","Carlos Gallardo, Consuelo Gómez, Reinol Martinez, Peter Marquard",Robert Rodriguez
A Touch of Zen,1969,96,98.514,"A brilliantly directed feast for the eyes with an epic story to match, A Touch of Zen marks a groundbreaking achievement in the wuxia genre.","According to this drama, set in 14th-century China, a state-run secret police organization made life a living hell for anyone... [More]","Feng Hsu, Chun Shih, Pai Ying, Tien Pe",King Hu
Top Gun,1986,54,59.11,"Though it features some of the most memorable and electrifying aereial footage shot with an expert eye for action, Top Gun offers too little for non-adolescent viewers to chew on when its characters aren't in the air.",Devil-may-care navy pilot Pete Mitchell (Tom Cruise) is sent to Miramar Naval Air Station for advanced training. Here he vies... [More],"Tom Cruise, Kelly McGillis, Anthony Edwards, Val Kilme",Tony Sco
Con Air,1997,55,58.684,"Air won't win any awards for believability - and all involved seem cheerfully aware of it, making some of this blockbuster action outing's biggest flaws fairly easy to forgive.",Former war hero Cameron Poe (Nicolas Cage) is sentenced to eight years in prison when he accidentally kills a man... [More],"Nicolas Cage, John Cusack, John Malkovich, Steve Buscem",Simon Wes
The Expendables 2,2012,68,72.299,"Taut, violent, and suitably self-deprecating, The Expendables 2 gives classic action fans everything they can reasonably expect from a star-studded shoot-'em-up -- for better and for worse.","The Expendables are back and this time it's personal... Barney Ross (Sylvester Stallone), Lee Christmas (Jason Statham), Yin Yang (Jet... [More]","ylvester Stallone, Jason Statham, Jet Li, Dolph Lundgre",Simon Wes
The Mummy,1999,60,63.98,"It's difficult to make a persuasive argument for The Mummy as any kind of meaningful cinematic achievement, but it's undeniably fun to watch.","Loosely adapted from the classic 1932 horror film starring Boris Karloff, The Mummy is set in Egypt, where over 3,000... [More]","Brendan Fraser, Rachel Weisz, John Hannah, Arnold Vosloo",Stephen Sommers
Mr. & Mrs. Smith,2005,60,67.125,"Although this action-romance suffers from weak writing and one too many explosions, the chemistry generated by onscreen couple Pitt and Jolie is palpable enough to make this a thoroughly enjoyable summer action flick.","John and Jane Smith are an ordinary suburban couple with an ordinary, lifeless suburban marriage. But each of them has... [More]","Brad Pitt, Angelina Jolie, Vince Vaughn, Adam Brody",oug Liman
Rush Hour,1998,60,63.715,A kick-ass addition to the cop-buddy film genre.,Brett Ratner directed this action-comedy that found box-office success by teaming Chris Tucker with Jackie Chan -- performing his own... [More],"Jackie Chan, Chris Tucker, Elizabeth Peña, Tom Wilkinso",Ratn
The Equalizer,2014,59,66.573,"The Equalizer is more stylishly violent than meaningful, but with Antoine Fuqua behind the cameras and Denzel Washington dispensing justice, it delivers.","In The Equalizer, Denzel Washington plays McCall, a man who believes he has put his mysterious past behind him and... [More]","Denzel Washington, Marton Csokas, Chloë Grace Moretz , David Harbou",Antoine Fuqua
Captain America: Civil War,2016,91,107.384,aptain America: Civil War begins the next wave of Marvel movies with an action-packed superhero blockbuster boasting a decidedly non-cartoonish plot and the courage to explore thought-provoking themes.,"Marvel's ""Captain America: Civil War"" finds Steve Rogers leading the newly formed team of Avengers in their continued efforts to... [More]","Chris Evans, Robert Downey Jr., Scarlett Johansson, Sebas","Anthony Russo, Joe Russo"
Air Force One,1997,76,78.964,"This late-period Harrison Ford actioner is full of palpable, if not entirely seamless, thrills.","In this action drama, Harrison Ford plays James Marshall, a onetime combat hero in the Vietnam War who is now... [More]","Gary Oldman, Harrison Ford, Glenn Close, Wendy Crewso",Wolfgang Petersen
Bloodsport,1988,40,41.233,"This is where it all began for the Muscles from Brussels, but beyond Van Damme's athleticism, Bloodsport is a cliched, virtually plotless exercise in action movie recycling.","U.S. soldier Frank Dux (Jean-Claude Van Damme) has come to Hong Kong to be accepted into the Kumite, a highly... [More]","Jean-Claude Van Damme, Leah Ayres, Donald Gibb, Norman Burto","Newt Arnold, Newton Arnol"
Blade,1998,55,60.589,"Though some may find the plot a bit lacking, Blade's action is fierce, plentiful, and appropriately stylish for a comic book adaptation.",British director Stephen Norrington helmed this David S. Goyer adaptation of the Marvel Comics character created in 1973 by scripter... [More],"Wesley Snipes, Stephen Dorff, Kris Kristofferson, N'Bushe Wrigh",Stephen Norrington
Bad Boys,1995,43,46.859,"Bad Boys stars Will Smith and Martin Lawrence have enjoyable chemistry; unfortunately, director Michael Bay too often drowns it out with set pieces and explosions in place of an actual story.","Former video director Michael Bay had his first big hit with this action comedy, which also returned producers Jerry Bruckheimer... [More]","Martin Lawrence, Will Smith, Téa Leoni, Tcheky Karyo",Michael Ba
Die Hard: With a Vengeance,1995,52,55.781,"Die Hard with a Vengeance benefits from Bruce Willis and Samuel L. Jackson's barbed interplay, but clatters to a bombastic finish in a vain effort to cover for an overall lack of fresh ideas.",Bruce Willis returns as misfit cop John McClane in the third film in the Die Hard series. McClane has fallen... [More],"Bruce Willis, Jeremy Irons, Samuel L. Jackson, Graham Greene (II)",John McTiernan
The Running Man,1987,63,65.91,The Running Man is winking sci-fi satire with ridiculous clothes and workmanlike direction.,An unjustly accused prisoner in 2019 is given a slim chance at freedom if he enters a battle-to-the-death on a... [More],"Arnold Schwarzenegger, Maria Conchita Alonso, Yaphet Kotto, Richard Dawso",Paul Michael Glas
Code of Silence,1985,63,63.694,No consensus yet.,"Not to be confused with the 1960 film of the same name, this fast-paced karate action flick stars Chuck Norris,... [More]","Chuck Norris, Henry Silva, Bert Remsen, Mike Genovese",Andrew Davis
Shoot 'Em Up,2007,67,72.114,"As preposterous and over-the-top as Shoot 'Em Up may be, its humor and non-stop action make for a very enjoyable film.",A mysterious man delivers a baby during a shootout and is entrusted with protecting the child from criminals out to... [More],"Clive Owen, Paul Giamatti, Monica Bellucci, Stephen McHattie",Michael Davis
Crank,2006,61,63.636,"ank's assaultive style and gleeful depravity may turn off casual action fans, but audiences seeking a strong dose of adrenaline will be thrilled by Jason Statham's raucous race against mortality.",A one-time freelance hitman who was just attempting to turn his life around is forced to keep his heart pumping... [More],"Jason Statham, Amy Smart, Efren Ramirez, Jose Pablo Cantillo","Mark Neveldine, Brian Taylo"
Machete,2010,72,77.442,"Machete is messy, violent, shallow, and tasteless -- and that's precisely the point of one of the summer's most cartoonishly enjoyable films.",A blade-wielding ex-federale hides out as a day laborer when he is double-crossed by a corrupt senator. ... [More],"Danny Trejo, Robert De Niro, Jessica Alba, Cheech M","Ethan Maniquis, Robert Rodriguez"
Drive,2011,92,100.121,"With its hyper-stylized blend of violence, music, and striking imagery, Drive represents a fully realized vision of arthouse action.","Ryan Gosling stars as a Los Angeles wheelman for hire, stunt driving for movie productions by day and steering getaway... [More]","Ryan Gosling, Carey Mulligan, Albert Brooks, Bryan Cransto",Nicolas Winding Refn
Batman,1989,72,77.704,"An eerie, haunting spectacle, Batman succeeds as dark entertainment, even if Jack Nicholson's Joker too often overshadows the title character.","Jack Nicholson is the Joker, who emerged from a horrible accident as a maniacal criminal. Michael Keaton is the Caped... [More]","Michael Keaton, Jack Nicholson, Kim Basinger, Robert Wuhl",Tim Burton
Under Siege,1992,79,80.432,"A well-directed action thriller that makes the most of its confined setting, Under Siege marks a high point for early '90s action -- and its star's spotty filmography.","Andrew Davis directed this exciting thriller starring Steven Seagal, sans ponytail, and featuring electric, over-the-top performances by Gary Busey and... [More]","even Seagal, Tommy Lee Jones, Gary Busey, Erika Eleniak",Andrew Davis
Independence Day,1996,65,68.811,"The plot is thin and so is character development, but as a thrilling, spectacle-filled summer movie, Independence Day delivers.",A group of intrepid humans attempts to save the Earth from vicious extraterrestrials in this extremely popular science-fiction adventure. Borrowing... [More],"Will Smith, Bill Pullman, Jeff Goldblum, Mary McDonnell",Roland Emmerich
Bullitt,1968,97,100.523,Steve McQueen is cool as ice in this thrilling police procedural that also happens to contain arguably the greatest movie car chase ever.,Robert L. Pike's crime novel Mute Witness makes the transition to the big screen in this film from director Peter... [More],"eve McQueen, Robert Vaughn, Jacqueline Bisset, Don Gordo",Peter Yates
Wanted,2008,71,78.624,"Wanted is stylish, energetic popcorn fare with witty performances from Angelina Jolie (playing an expert assassin), James McAvoy, and Morgan Freeman that help to distract from its absurdly over-the-top plot.","Wesley's (James McAvoy) life is over - his pathetic old one, anyway... Fortunately, it is all because of a girl.... [More]","James McAvoy, Morgan Freeman, Angelina Jolie, Terence Stamp",Timur Bekmambetov
Superman,1978,94,101.292,"Superman deftly blends humor and gravitas, taking advantage of the perfectly cast Christopher Reeve to craft a loving, nostalgic tribute to an American pop culture icon.","Christopher Reeve as the Man of Steel in a big-budget epic with Oscar-winning effects. Marlon Brando, Margot Kidder, Gene Hackman,... [More]","Marlon Brando, Christopher Reeve, Gene Hackman, Ned Beatty",Richard Donn
Ronin,1998,68,71.199,"Ronin earns comparisons to The French Connection with strong action, dynamic road chase scenes, and solid performances.","When an international team of former intelligence agents and Cold War warriors meet in a warehouse, their adventure of love,... [More]","Robert De Niro, Jean Reno, Natascha McElhone, Stellan Skarsgard",John Frankenheim
They Live,1988,86,90.627,"A politically subversive blend of horror and sci fi, They Live is an underrated genre film from John Carpenter.",A homeless drifter discovers a reason for the ever-widening gap between the rich and the poor: a conspiracy by non-human... [More],"Roddy Piper, Keith David, Meg Foster, Peter Jaso",John Carpen
Cliffhanger,1993,68,71.896,"While it can't escape comparisons to the movies it borrows from, Cliffhanger is a tense, action-packed thriller and a showcase for the talents that made Sylvester Stallone a star.",Producer Neal H. Moritz and writer Joe Gazzam team with Studio Canal for this remake of the 1993 mountain-climbing adventure... [More],,
Marvel's The Avengers,2012,92,105.429,"Thanks to a script that emphasizes its heroes' humanity and a wealth of superpowered set pieces, The Avengers lives up to its hype and raises the bar for Marvel at the movies.","Marvel Studios presents Marvel's The Avengers-the Super Hero team up of a lifetime, featuring iconic Marvel Super Heroes Iron Man,... [More]",,
Hot Fuzz,2007,91,97.71,The brilliant minds behind Shaun of the Dead successfully take a shot at the buddy cop genre with Hot Fuzz. The result is a bitingly satiric and hugely entertaining parody.,A top London cop who is so good at his job that he makes his fellow officers look like slackers... [More],"mon Pegg, Nick Frost, Jim Broadbent, Steve Coo",Edgar Wrigh
The Warriors,1979,89,91.956,"As violent as it is stylish, The Warriors is a thrilling piece of pulp filmmaking.","Walter Hill's hip, super-stylized action film unfurls in a dystopian near-future, when various gangs control New York City. Each gang... [More]","Michael Beck, James Remar, Thomas G. Waites, Dorsey Wrigh",Walter Hill
Starship Troopers,1997,63,66.54,A fun movie...if you can accept the excessive gore and wooden acting.,"Paul Verhoeven has fashioned a visually spectacular, morbidly funny comic book adventure that seems to merge the fresh-faced youths of... [More]","Casper Van Dien, Dina Meyer, Denise Richards, Jake Busey",Paul Verhoeven
Elite Squad: The Enemy Within,2011,93,93.573,"Elite Squad: The Enemy Within is a bleak, violent descent into the Brazilian underbelly, ripping into the favelas with unstoppable and kinetic force.","The sprawling slum that towers over Rio de Janeiro is one of the most dangerous places on Earth, and as... [More]","Wagner Moura, André Mattos, Sandro Rocha, Maria Ribeiro",José Padilha
Point Break,1991,69,73.212,"Absurd, over-the-top, and often wildly entertaining, Point Break is here to show you that the human spirit is still alive.",Kathryn Bigelow's fourth action film follows FBI agent Johnny Utah (Keanu Reeves) as he goes undercover to infiltrate a cache... [More],"Keanu Reeves, Patrick Swayze, Gary Busey, Lori Petty",Kathryn Bigelow
The Long Kiss Goodnight,1996,69,71.659,"Smart, sharp-witted, and fueled by enjoyably over-the-top action, The Long Kiss Goodnight makes up in impact what it lacks in consistent aim.",The comfortably drab life of a working mom becomes a nightmare when she finds herself pursued by an assassin who... [More],"Geena Davis, Samuel L. Jackson, Patrick Malahide, Craig Bierko",Renny Harlin
The Guest,2014,91,94.936,"Boasting enough intelligence to bolster its darkly violent thrills, The Guest offers another treat for genre fans from director Adam Wingard.","From the director of YOU'RE NEXT and featuring a standout, badass performance from Dan Stevens (""Downton Abbey""), comes THE GUEST:... [More]","Dan Stevens, Leland Orser, Lance Reddick, Sheila Kelley",Adam Winga
Taken,2009,58,63.261,"Taken is undeniably fun with slick action, but is largely a brainless exercise.",An ex-soldier (Liam Neeson) traveling through Europe embarks on a frantic quest to rescue his daughter (Maggie Grace) after the... [More],"Liam Neeson, Maggie Grace, Famke Janssen, Xander Berkeley",Pierre Morel
300,2007,60,67.811,"A simple-minded but visually exciting experience, full of blood, violence, and ready-made movie quotes.",City author Frank Miller's sweeping take on the historic Battle of Thermopylae comes to the screen courtesy of Dawn... [More],"Gerard Butler, Lena Headey, David Wenham, Rodrigo Santoro",Zack Sn
True Lies,1994,70,72.84,"If it doesn't reach the heights of director James Cameron's and star Arnold Schwarzenegger's previous collaborations, True Lies still packs enough action and humor into its sometimes absurd plot to entertain.","Borrowing liberally from the French film La Totale, this is an action picture, domestic comedy, and political thriller rolled into... [More]","Arnold Schwarzenegger, Jamie Lee Curtis, Tom Arnold, Bill Paxto","James Cameron, Tony Sco"
Demolition Man,1993,59,61.788,"A better-than-average sci-fi shoot-em-up with a satirical undercurrent, Demolition Man is bolstered by strong performances by Sylvester Stallone, Wesley Snipes, and Sandra Bullock.","The plot of this action film begins in 1996, with Los Angeles in a violence-crazed conflagration. One of the LAPD's... [More]","ylvester Stallone, Wesley Snipes, Sandra Bullock, Nigel Hawthorne",Marco Brambilla
Hardcore Henry,2016,51,56.166,"Hardcore Henry seems poised to reinvent the action flick, but without a story or characters worth caring about, its first-person gimmick quickly loses its thrill.",trap in. Hardcore Henry is one of the most unflinchingly original wild-rides to hit the big screen in a long... [More],"harlto Copley, Danila Kozlovsky, Haley Bennett, Tim Roth",Ilya Naishull
Police Story (Ging chaat goo si) (Police Force),1985,93,94.407,"Blending brilliant physical comedy with thrillingly choreographed set pieces, Police Story makes a persuasive case for Jackie Chan as one of the all-time genre greats.","This was internationally famous Jackie Chan's breakthrough action film, the work that got him past the ethnic boundaries of Hong... [More]","Jackie Chan, Brigitte Lin, Maggie Cheung, Cho Yue",Jackie Chan
Brotherhood of the Wolf,2001,73,76.65,"Brotherhood of the Wolf mixes its genres with little logic, but the end result is wildly entertaining.","French legend has it that a creature known as the Beast of Gevaudan -- a huge, wolf-like monster -- was... [More]","muel Le Bihan, Vincent Cassel, Émilie Dequenne, Monica Bellucc",Christophe Gans
Kingsman: The Secret Service,2015,74,83.688,"Stylish, subversive, and above all fun, Kingsman: The Secret Service finds director Matthew Vaughn sending up the spy genre with gleeful abandon.","Based upon the acclaimed comic book and directed by Matthew Vaughn (Kick Ass, X-Men First Class), Kingsman: The Secret Service... [More]","Taron Egerton, Colin Firth, Mark Hamill, Samuel L. Jackso",Matthew Vaughn
The Fifth Element,1997,71,74.684,"Visually inventive and gleefully over the top, Luc Besson's The Fifth Element is a fantastic piece of pop sci-fi that never takes itself too seriously.",Good and evil battle for the future of 23rd century Earth in this visually striking big-budget science fiction epic. In... [More],"Bruce Willis, Ian Holm, Gary Oldman, Chris Tucke",Luc Besson
Big Trouble in Little China,1986,77,80.801,"Brimming with energy and packed with humor, Big Trouble in Little China distills kung fu B-movies as affectionately as it subverts them.","Playing in a manner that can be conservatively described as larger than life, Kurt Russell plays a macho truck driver... [More]","Kurt Russell, Kim Cattrall, Dennis Dun, James Ho",John Carpen
Atomic Blonde,2017,78,93.023,Atomic Blonde gets enough mileage out of its stylish action sequences -- and ever-magnetic star -- to make up for a narrative that's somewhat less hard-hitting than its protagonist.,"A high-stakes, global action-thriller that takes place in the city of Berlin, on the eve of the Wall's collapse and... [More]","Charlize Theron, James McAvoy, John Goodman, Til Schweige",avid Leitch
Rumble in the Bronx,1995,80,83.242,An entertaining Jackie Chan stunt-fest in which the impressive action sequences overcome the low production value and by-the-numbers plot.,"After years as a major star in most of the rest of the world, Jackie Chan finally broke through to... [More]","Jackie Chan, Anita Mui, Francoise Yip, Bill Tu","Stanley Tong, Tong Kwei La"
District B13 (Banlieue 13),2006,80,83.449,"A nonstop thrill ride, District B13's dizzying action sequences more than make up for any expository flaws.","A nuclear weapon has been stolen by the most powerful gang in Paris' treacherous, walled-in ghetto, and it's up to... [More]","Cyril Raffaelli, David Belle, Tony D'Amario, Bibi Nace",Pierre Morel
Beverly Hills Cop,1984,82,85.621,"The buddy cop movie continues its evolution unabated with this Eddie Murphy vehicle that's fast, furious, and funny.",What's that wisecracking young black guy (Eddie Murphy) in that beat-up Chevy Nova doing in lily-white Beverly Hills? He's Axel... [More],"Eddie Murphy, Judge Reinhold, John Ashton, Lisa Eilbache",Martin Bres
Ong-Bak (Ong Bak: Muay Thai Warrior),2005,85,88.12,"While Ong-Bak: The Thai Warrior may be no great shakes as a movie, critics are hailing the emergence of a new star in Tony Jaa, whose athletic performance is drawing comparisons with Bruce Lee, Jackie Chan, and Jet Li.",Exhilarating fight sequences highlight this action-packed martial-arts adventure about an orphan (Tony Jaa) who embarks on a quest to recover... [More],"Tony Jaa, Petchtai Wongkamlao, Petchthai Wongkamlao, Pumwaree Yodkamol",Prachya Pinkaew
Collateral,2004,86,92.644,"Driven by director Michael Mann's trademark visuals and a lean, villainous performance from Tom Cruise, Collateral is a stylish and compelling noir thriller.",A taxi driver is unexpectedly taken on the ride of his life in this stylish thriller from acclaimed director Michael... [More],"Tom Cruise, Jamie Foxx, Mark Ruffalo, Jada Pinkett Smith",Michael Mann
Iron Monkey,2001,91,93.65,"Iron Monkey may not have the poetic lyricism of Crouching Tiger, it makes up for it in fun and energy.",This kung fu classic weaving fact and myth earned a theatrical release in the U.S. from Miramax eight years after... [More],"Rongguang Yu, Donnie Yen, Jean Wang, Tsang Sze-M",Woo-ping Yuen
Escape from New York,1981,86,90.941,"Featuring an atmospherically grimy futuristic metropolis, Escape from New York is a strange, entertaining jumble of thrilling action and oddball weirdness.",It's 1997 and Manhattan has been turned into a maximum security prison. When the United States president crash lands into... [More],"Kurt Russell, Lee Van Cleef, Ernest Borgnine, Donald Pleasence",John Carpen
Battle Royale,2000,87,87.976,"Battle Royale is a controversial and violent parable of adolescence, heightening teenage melodrama with life-or-death stakes.","A long-unavailable underground hit that anticipated The Hunger Games novels by eight years, veteran director Fukasaku's epically violent, still-controversial and... [More]","Aki Maeda, Ai Iwamura, Chiaki Kuriyama, Tatsuya Fujiw",Kinji Fukasaku
Spider-Man 2,2004,93,100.886,"Boasting an entertaining villain and deeper emotional focus, this is a nimble sequel that improves upon the original.",tan Lee's all-too-human superhero returns to the screen in this highly anticipated sequel to 2002's blockbuster hit Spider-Man. Peter Parker... [More],"Tobey Maguire, Kirsten Dunst, James Franco, Alfred Mol",Sam Raim
13 Assassins,2011,95,98.508,"Takashi Miike's electric remake of Eiichi Kudo's 1963 period action film is a wild spectacle executed with killer, dizzying panache.","Cult director Takeshi Miike (Ichi the Killer, Audition) delivers a bravado period action film set at the end of Japan's... [More]","Koji Yakusho, Takayuki Yamada, Yusuke Iseya, Goro Inagak",Takashi Miik
Full Contact,1992,88,61.153,No consensus yet.,"Another entry into the ""cheer for the most likeable bad guy"" series of Hong Kong action flicks, Full Contact tells... [More]","Yun-Fat Chow, Simon Yam, Ann Bridgewater, Anthony Wo",Ringo Lam
Indiana Jones and the Last Crusade,1989,88,93.251,"Lighter and more comedic than its predecessor, Indiana Jones and the Last Crusade returns the series to the brisk serial adventure of Raiders, while adding a dynamite double act between Harrison Ford and Sean Connery.","The third installment in the Spielberg/Lucas Indiana Jones saga, Indiana Jones and the Last Crusade evokes many of the thrills... [More]","Harrison Ford, Sean Connery, Alison Doody, Denholm Ellio",Steven Spielberg
Kung Fu Hustle,2005,90,96.172,"Kung Fu Hustle blends special effects, martial arts, and the Looney Toons to hilarious effect.","The work of international superstar Stephen Chow, Kung Fu Hustle is a humorous, special-effects-filled, action-packed martial arts epic set in... [More]","ephen Chow, Wah Yuen, Shengyi Huang, Kwok-Kwan Ch",Stephen Chow
A Better Tomorrow,2010,93,44.145,No consensus yet.,"John Woo established himself as one of Hong Kong's premiere action directors with this ultra-hip, ultra-violent action classic. The film... [More]","Yun-Fat Chow, Leslie Cheung, Lung Ti, Young Pao I",Hae-sung Song
Iron Man,2008,94,104.696,"Powered by Robert Downey Jr.'s vibrant charm, Iron Man turbo-charges the superhero genre with a deft intelligence and infectious sense of fun.","Billionaire industrialist and genius inventor Tony Stark is kidnapped and forced to build a devastating weapon. Instead, using his intelligence... [More]","Robert Downey Jr., Terrence Howard, Jeff Bridges, Gwyneth Paltrow",
The Night Comes For Us,2018,90,90.414,"A bloody thrill ride designed to test the limits of more squeamish viewers, The Night Comes for Us wields a stylishly violent, action-packed punch.","The Night Comes For Us follows Ito (played by Joe Taslim), a former triad enforcer, and his mission to protect... [More]","Joe Taslim, Iko Uwais, Julie Estelle, Sunny P",Timo Tjahjanto
Logan,2017,93,110.693,"Hugh Jackman makes the most of his final outing as Wolverine with a gritty, nuanced performance in a violent but surprisingly thoughtful superhero action film that defies genre conventions.","It's 2029. Mutants are gone--or very nearly so. An isolated, despondent Logan is drinking his days away in a hideout... [More]","Hugh Jackman, Patrick Stewart, Boyd Holbrook, Stephen Merch",James Mangol
Goldfinger,1964,98,104.211,"Goldfinger is where James Bond as we know him comes into focus - it features one of 007's most famous lines (""A martini. Shaken, not stirred"") and a wide range of gadgets that would become the series' trademark.","To many, the quintessential Bond film and a brilliant third entry in the series. Here Bond gets his Aston Martin,... [More]","ean Connery, Gert Fröbe, Honor Blackman, Shirley Eato",Guy Hamilton
Assault on Precinct 13,1976,98,102.294,"Lean, taut and compellingly gritty, John Carpenter's loose update of Rio Bravo ranks as a cult action classic and one of the filmmaker's best.","Cops, secretaries, and prisoners stuck in a soon-to-be-shuttered L.A. police station fight off a horde of murderous gang members in... [More]","Austin Stoker, Darwin Joston, Gilbert De la Pena, Laurie Zimme",John Carpen
Wonder Woman,2017,93,112.535,"Thrilling, earnest, and buoyed by Gal Gadot's charismatic performance, Wonder Woman succeeds in spectacular fashion.",An Amazon princess (Gal Gadot) finds her idyllic life on an island occupied only by female warriors interrupted when a... [More],"Gal Gadot, Chris Pine, Connie Nielsen, Robin Wrigh",Patty Jenkins
Fist of Fury (Jing wu men),1972,92,92.813,No consensus yet.,Bruce Lee stars as a martial arts expert who vows vengeance when his kung fu master is murdered. He discovers... [More],"Bruce Lee, Miao Ker Hsiu, James Tien, Robert Bake",Lo W
Captain America: The Winter Soldier,2014,90,101.773,"Suspenseful and politically astute, Captain America: The Winter Soldier is a superior entry in the Avengers canon and is sure to thrill Marvel diehards.","After being deemed unfit for military service, Steve Rogers volunteers for a top secret research project that turns him into... [More]","Chris Evans, Samuel L. Jackson, Scarlett Johansson, Anthony Mackie","Joe Russo, Anthony Russo"
Oldboy,2005,82,86.608,"Violent and definitely not for the squeamish, Park Chan-Wook's visceral Oldboy is a strange, powerful tale of revenge.",uth Korean filmmaker Park Chan-wook directed this violent and offbeat story of punishment and vengeance. Oh Dae-su (Choi Min-sik) is... [More],"Choi Min-sik, Gang Hye-jeong, Yoo Ji-tae, Gang Hye-ju",Park Chan-wook
The French Connection,1971,98,104.287,"Realistic, fast-paced and uncommonly smart, The French Connection is bolstered by stellar performances by Gene Hackman and Roy Scheider, not to mention William Friedkin's thrilling production.","This gritty, fast-paced, and innovative police drama earned five Academy Awards, including Best Picture, Best Adapted Screenplay (written by Ernest... [More]","Gene Hackman, Fernando Rey, Roy Scheider, Marcel Bozzuff",William Friedkin
Furious 7,2015,81,91.235,"Serving up a fresh round of over-the-top thrills while adding unexpected dramatic heft, Furious 7 keeps the franchise moving in more ways than one.","Continuing the global exploits in the unstoppable franchise built on speed, Vin Diesel, Paul Walker and Dwayne Johnson lead the... [More]","Vin Diesel, Paul Walker, Jason Statham, Dwayne Johnso",James Wan
La Femme Nikita (Nikita),1990,88,90.528,A zany out-of-control thriller that gives lead Anne Parillaud a big character arc and plenty of emotional room to work within.,"The serpentine plotline of Luc Besson's La Femme Nikita begins its 117-minute slither when punkish, psychotic, and drug-ridden Nikita (Anne... [More]","Tcheky Karyo, Anne Parillaud, Jeanne Moreau, Jean Reno",Luc Besson
Supercop,1996,96,98.252,"Blending hand-to-hand combat with breathtaking stunts and slapstick comedy, Supercop reminds us why Jackie Chan is one of the world's great entertainers.",A Hong Kong detective fights to stop a Chinese drug czar.... [More],"Jackie Chan, Maggie Cheung, Kenneth Tsang Kong, Wah Yue",Stanley Tong
Dirty Harry,1971,89,93.654,"As tough and taciturn as its no-nonsense hero, Dirty Harry delivers a deceptively layered message without sacrificing an ounce of its solid action impact.","""You've got to ask yourself a question: 'do I feel lucky?' Well, do ya, punk?"" Dirty Harry provoked a critical... [More]","Clint Eastwood, Andrew Robinson, Harry Guardino, John Mitchum",on Siegel
Live Die Repeat: Edge of Tomorrow,2014,90,102.596,"Gripping, well-acted, funny, and clever, Edge of Tomorrow offers entertaining proof that Tom Cruise is still more than capable of shouldering the weight of a blockbuster action thriller.","The epic action of ""Edge of Tomorrow"" unfolds in a near future in which an alien race has hit the... [More]","Tom Cruise, Emily Blunt, Bill Paxton, Jonas Armstro",oug Liman
X2: X-Men United,2003,85,92.172,"Tightly scripted, solidly acted, and impressively ambitious, X2: X-Men United is bigger and better than its predecessor -- and a benchmark for comic sequels in general.","When a failed assassination attempt occurs on the President's (Cotter Smith) life by the teleporting mutant Nightcrawler (Alan Cumming), it's... [More]","Hugh Jackman, Ian McKellen, Halle Berry, Famke Jansse",an Sing
The Fugitive,1993,96,101.929,"Exhilarating and intense, this high-impact chase thriller is a model of taut and efficient formula filmmaking, and it features Harrison Ford at his frantic best.",This 1993 box-office smash partly adheres to the 1960s TV series on which it is based and partly goes off... [More],"Harrison Ford, Tommy Lee Jones, Sela Ward, Julianne Moore",Andrew Davis
Black Panther,2018,97,119.329,Black Panther elevates superhero cinema to thrilling new heights while telling one of the MCU's most absorbing stories -- and introducing some of its most fully realized characters.,"""Black Panther"" follows T'Challa who, after the events of ""Captain America: Civil War,"" returns home to the isolated, technologically advanced... [More]","Chadwick Boseman, Michael B. Jordan, Lupita Nyong'o, Danai Gu",Ryan Coogl
Inception,2010,87,97.935,"Smart, innovative, and thrilling, Inception is that rare summer blockbuster that succeeds viscerally as well as intellectually.","Visionary filmmaker Christopher Nolan (Memento, The Dark Knight) writes and directs this psychological sci-fi action film about a thief who... [More]","Leonardo DiCaprio, Ken Watanabe, Joseph Gordon-Levitt, Marion Cotillard",Christopher Nolan
Braveheart,1995,77,81.938,"Distractingly violent and historically dodgy, Mel Gibson's Braveheart justifies its epic length by delivering enough sweeping action, drama, and romance to match its ambition.","Mel Gibson, long-time heartthrob of the silver screen, came into his own as a director with Braveheart, an account of... [More]","Mel Gibson, Sophie Marceau, Patrick McGoohan, Catherine McCormack",Mel Gibson
Minority Report,2002,90,97.346,"Thought-provoking and visceral, Steven Spielberg successfully combines high concept ideas and high octane action in this fast and febrile sci-fi thriller.","Based on a short story by the late Philip K. Dick, this science fiction-thriller reflects the writer's familiar preoccupation with... [More]","Tom Cruise, Colin Farrell, Samantha Morton, Max von Sydow",Steven Spielberg
Avengers: Endgame,2019,94,117.364,"Exciting, entertaining, and emotionally impactful, Avengers: Endgame does whatever it takes to deliver a satisfying finale to Marvel's epic Infinity Saga.",The grave course of events set in motion by Thanos that wiped out half the universe and fractured the Avengers... [More],"Robert Downey Jr., Mark Ruffalo, Scarlett Johansson, Chris Evans","Joe Russo, Anthony Russo"
Dredd,2012,79,84.603,"Fueled by bombastic violence and impressive special effects, rooted in self-satire and deadpan humor, Dredd 3D does a remarkable job of capturing its source material's gritty spirit.","The future America is an irradiated waste land. On its East Coast, running from Boston to Washington DC, lies Mega... [More]","Karl Urban, Olivia Thirlby, Wood Harris, Lena Headey",Pete Travis
The Bourne Identity,2002,83,88.284,"Expertly blending genre formula with bursts of unexpected wit, The Bourne Identity is an action thriller that delivers -- and then some.","The best-selling suspense novel by late author Robert Ludlum comes to the screen for a second time, following a 1988... [More]","Matt Damon, Franka Potente, Chris Cooper, Clive Owe",oug Liman
Ip Man,2010,85,77.814,"At once beholden to the established conventions of the genre and delightfully subversive of them, Ip Man is one of the most exciting -- and refreshingly character-driven -- martial arts films in years.","Wing Chun grandmaster Ip has an amazing wife, plenty of money, the most beautiful house in town, and a blossoming... [More]","Donnie Yen, Hiroyuki Ikeuchi, Simon Yam, Xiong Dail",Wilson Yip
Face/Off,1997,92,97.197,"John Travolta and Nicolas Cage play cat-and-mouse (and literally play each other) against a beautifully stylized backdrop of typically elegant, over-the-top John Woo violence.","The third of John Woo's American-made feature films, Face/Off stars John Travolta as Sean Archer, an FBI agent obsessed with... [More]","John Travolta, Nicolas Cage, Joan Allen, Alessandro Nivol",John Woo
To Live and Die in L.A.,1985,91,92.942,"With coke fiends, car chases, and Wang Chung galore, To Live and Die in L.A. is perhaps the ultimate '80s action/thriller.","William Friedkin's crime thriller, based on a book by U.S. Secret Service agent Gerald Petievich, concerns an arrogant Secret Service... [More]","William L. Petersen, Willem Dafoe, John Pankow, Debra Feue","William Friedkin, William Freidkin"
The Dark Knight,2008,94,107.22,"Dark, complex, and unforgettable, The Dark Knight succeeds not just as an entertaining comic book film, but as a richly thrilling crime saga.","Christopher Nolan steps back into the director's chair for this sequel to Batman Begins, which finds the titular superhero coming... [More]","Christian Bale, Heath Ledger, Aaron Eckhart, Maggie Gyllenhaal",Christopher Nolan
Mission: Impossible Ghost Protocol,2011,93,100.597,"Stylish, fast-paced, and loaded with gripping set pieces, the fourth Mission: Impossible is big-budget popcorn entertainment that really works.",This is not just another mission. The IMF is shut down when it's implicated in a global terrorist bombing plot.... [More],"Tom Cruise, Jeremy Renner, Simon Pegg, Paula Patto",a
Fast Five,2011,77,82.954,"Sleek, loud, and over the top, Fast Five proudly embraces its brainless action thrills and injects new life into the franchise.",Former cop Brian O'Conner (Paul Walker) partners with ex-con Dom Toretto (Vin Diesel) on the opposite side of the law.... [More],"Vin Diesel, Paul Walker, Jordana Brewster, Dwayne Johnso",Justin Lin
Lethal Weapon,1987,82,86.245,"The most successful installment in a phenomenally successful series, Lethal Weapon helped redefine action movies for the 1980s and 1990s.","L.A. cop Martin Riggs (Mel Gibson), whose wife has recently died, is a loose cannon with a seeming death wish.... [More]","Mel Gibson, Danny Glover, Gary Busey, Darlene Love",Richard Donn
The Rock,1996,66,69.337,"For visceral thrills, it can't be beat. Just don't expect The Rock to engage your brain.","The sophomore film from former music video and commercial director Michael Bay, this fast-paced action yarn featured rapid-fire editing, a... [More]","ean Connery, Nicolas Cage, Ed Harris, Michael Bieh",Michael Ba
RoboCop,1987,89,94.295,"While over-the-top and gory, Robocop is also a surprisingly smart sci-fi flick that uses ultraviolence to disguise its satire of American culture.","In near-future Detroit, a murdered police officer is resurrected as an experimental crime-fighting cyborg named Robocop. Tormented by memories of... [More]","Peter Weller, Nancy Allen, Ronny Cox, Kurtwood Smith",Paul Verhoeven
John Wick: Chapter 2,2017,89,100.339,"John Wick: Chapter 2 does what a sequel should -- which in this case means doubling down on the non-stop, thrillingly choreographed action that made its predecessor so much fun.","In this next chapter following the 2014 hit, legendary hitman John Wick (Keanu Reeves) is forced back out of retirement... [More]","Keanu Reeves, John Leguizamo, Bridget Moynahan, Thomas Sadosk",Chad Stahelsk
Casino Royale,2006,95,103.903,"asino Royale disposes of the silliness and gadgetry that plagued recent James Bond outings, and Daniel Craig delivers what fans and critics have been waiting for: a caustic, haunted, intense reinvention of 007.","James Bond's first 007 mission takes him to Madagascar, where he is to spy on a terrorist Mollaka. Not everything... [More]","Daniel Craig, Eva Green, Mads Mikkelsen, Judi Dench",Martin Campbell
Baby Driver,2017,93,109.174,"Stylish, exciting, and fueled by a killer soundtrack, Baby Driver hits the road and it's gone -- proving fast-paced action movies can be smartly written without sacrificing thrills.","A talented, young getaway driver (Ansel Elgort) relies on the beat of his personal soundtrack to be the best in... [More]","Ansel Elgort, Kevin Spacey, Lily James, Jon Bernthal",Edgar Wrigh
Fist of Legend (Jing wu ying xiong),1994,100,76.796,No consensus yet.,"Jet Li stars in this historical Hong Kong action film, as Chen Zhen, a Chinese student in Japan in the... [More]","Jet Li, Paul Chiang, Yasuaki Kurata, Shinobu Nakayama (II)",Gordon Chan
The Killer,1989,98,100.624,The Killer is another hard-boiled action flick from John Woo featuring eye-popping balletic violence and philosophical underpinnings.,"Chow Yun-Fat, director John Woo's favorite actor, stars as a professional assassin. The moral outrages of his employers lead Yun-Fat,... [More]","Yun-Fat Chow, Sally Yeh, Danny Lee, Kenneth Ts",John Woo
The Raid 2,2014,80,86.317,"Although its high-energy plot and over-the-top violence may play better with genre aficionados, The Raid 2 definitely delivers more of everything audiences loved about its predecessor.",He thought it was over. After fighting his way out of a building filled with gangsters and madmen - a... [More],"Iko Uwais, Yahan Ruhian, Arifin Putra, Oka A",Gareth Evans
Enter the Dragon,1973,94,98.679,"Badass to the max, Enter the Dragon is the ultimate kung-fu movie and fitting (if untimely) Bruce Lee swan song.","One of the most popular kung fu films ever, and perhaps the peak of the famed Bruce Lee's career, Enter... [More]","Bruce Lee, John Saxon, Jim Kelly, Shih Kie",Robert Clous
Commando,1985,71,73.031,"The ultimate '80s Schwarzenegger movie, replete with a threadbare plot, outsized action, and endless one-liners.",Colonel Matrix (Arnold Schwarzenegger) is retired and living peaceably with his 10-year-old daughter (Alyssa Milano) when she is kidnapped by... [More],"Arnold Schwarzenegger, Alyssa Milano, Rae Dawn Chong, Dan Heday",Mark L. Les
First Blood,1982,87,90.887,"Much darker and more sensitive than the sequels it spawned, First Blood is a thrilling survival adventure that takes full advantage of Sylvester Stallone's acting skills.",A former Green Beret must use all of the guerrilla tactics he learned in Vietnam to save himself after he... [More],"ylvester Stallone, Richard Crenna, Brian Dennehy, David Caruso",Ted Kotcheff
Mission: Impossible Rogue Nation,2015,93,105.297,Mission: Impossible Rogue Nation continues the franchise's thrilling resurgence -- and proves that Tom Cruise remains an action star without equal.,"With the IMF disbanded, and Ethan (Tom Cruise) out in the cold, the team now faces off against a network... [More]","Tom Cruise, Jeremy Renner, Ving Rhames, Simon Pe",Christopher McQua
The Terminator,1984,100,104.847,"With its impressive action sequences, taut economic direction, and relentlessly fast pace, it's clear why The Terminator continues to be an influence on sci-fi and action flicks.","A Cyborg has been sent from the future on a deadly mission, it has been programmed to kill a young... [More]","Arnold Schwarzenegger, Linda Hamilton, Michael Biehn, Paul Winfield",James Cameron
Gladiator,2000,76,83.199,Ridley Scott and an excellent cast successfully convey the intensity of Roman gladitorial combat as well as the political intrigue brewing beneath.,"A man robbed of his name and his dignity strives to win them back, and gain the freedom of his... [More]","Russell Crowe, Joaquin Phoenix, Connie Nielsen, Oliver Reed",Ridley Sco
Kill Bill: Volume 1,2003,85,91.871,Kill Bill is admittedly little more than a stylish revenge thriller -- albeit one that benefits from a wildly inventive surfeit of style.,An entire wedding party is slaughtered during a dress rehearsal in a rural chapel: the pregnant woman in the blood-splattered... [More],"Uma Thurman, Lucy Liu, Vivica A. Fox, David Carradine",Quentin Tarantino
Léon: The Professional,1994,73,76.915,Pivoting on the unusual relationship between seasoned hitman and his 12-year-old apprentice -- a breakout turn by young Natalie Portman -- Luc Besson's Léon is a stylish and oddly affecting thriller.,"As visually stylish as it is graphically violent, this thriller directed by Luc Besson concerns Mathilda (Natalie Portman), a 12-year-old... [More]","Jean Reno, Gary Oldman, Natalie Portman, Danny Aiello",Luc Besson
Speed,1994,94,97.915,"A terrific popcorn thriller, Speed is taut, tense, and energetic, with outstanding performances from Keanu Reeves, Dennis Hopper, and Sandra Bullock.","If you don't think Speed is the fastest-moving adventure film ever made, we challenge you to find a faster one.... [More]","Keanu Reeves, Dennis Hopper, Sandra Bullock, Joe Morto",Jan de Bon
The Legend of Drunken Master (Jui kuen II) (Drunken Fist II),1994,83,87.76,Jackie Chan sends up some amazing and entertaining fight sequences in The Legend of Drunken Master.,Jackie Chan returns in one of his greatest roles in this action-comedy sequel to his 1978 Hong Kong blockbuster Drunken... [More],"Jackie Chan, Siu Tin Yuen, Jang Lee Hwang, Kau Lam","Lau Kar-Leung, Chia-Liang Liu, Liu Chia-Liang"
John Wick,2014,86,94.222,"Stylish, thrilling, and giddily kinetic, John Wick serves as a satisfying return to action for Keanu Reeves -- and what looks like it could be the first of a franchise.",An ex-hitman comes out of retirement to track down the gangsters that took everything from him. With New York City... [More],"Keanu Reeves, Michael Nyqvist, Alfie Allen, Adrianne Palick","avid Leitch, Chad Stahelsk"
"Crouching Tiger, Hidden Dragon",2001,97,101.918,"The movie that catapulted Ang Lee into the ranks of upper echelon Hollywood filmmakers, Crouching Tiger, Hidden Dragon features a deft mix of amazing martial arts battles, beautiful scenery, and tasteful drama.",Taiwanese filmmaker Ang Lee took a break from making Western period dramas to fashion this wild and woolly martial arts... [More],"Yun-Fat Chow, Michelle Yeoh, Ziyi Zhang, Chen Ch",Ang L
Predator,1987,81,84.578,"Predator: Part sci-fi, part horror, part action -- all muscle.","Dutch (Arnold Schwarzenegger) has a code of honor which he will not violate, even when his life depends on it.... [More]","Arnold Schwarzenegger, Carl Weathers, Elpidia Carrillo, Bill Duke",John McTiernan
The Bourne Ultimatum,2007,92,101.026,"The Bourne Ultimatum is an intelligent, finely tuned non-stop thrill ride. Another strong performance from Matt Damon and sharp camerawork from Paul Greengrass make this the finest installment of the Bourne trilogy.",Jason Bourne (Matt Damon) races to solve the mystery of his past while being hunted by members of the very... [More],"Matt Damon, Julia Stiles, David Strathairn, Scott Gle",Paul Greengrass
Total Recall,1990,82,86.712,"Under Paul Verhoeven's frenetic direction, Total Recall is a fast-paced rush of violence, gore, and humor that never slacks.","In Paul Verhoeven's wild sci-fi action movie Total Recall, Arnold Schwarzenegger plays a 21st-century construction worker who discovers that his... [More]","Arnold Schwarzenegger, Rachel Ticotin, Sharon Stone, Ronny Cox",Paul Verhoeven
Mad Max 2: The Road Warrior,1982,95,98.778,"The Road Warrior is everything a bigger-budgeted Mad Max sequel with should be: bigger, faster, louder, but definitely not dumber.",Director George Miller's follow-up to his own 1979 hit Mad Max is proof that not all sequels are inferior to... [More],"Mel Gibson, Bruce Spence, Vernon Wells, Emil Minty",George Mill
Heat,1995,86,91.17,"Though Al Pacino and Robert De Niro share but a handful of screen minutes together, Heat is an engrossing crime drama that draws compelling performances from its stars -- and confirms Michael Mann's mastery of the genre.","A successful career criminal considers getting out of the business after one last score, while an obsessive cop desperately tries... [More]","Al Pacino, Robert De Niro, Val Kilmer, Jon Voigh",Michael Mann
The Raid: Redemption,2012,86,91.685,"No frills and all thrills, The Raid: Redemption is an inventive action film expertly paced and edited for maximum entertainment.","As a rookie member of an elite special-forces team, Rama (Iko Uwais) is instructed to hang back during a covert... [More]","Iko Uwais, Joe Taslim, Doni Alamsyah, Yahan Ruh",Gareth Evans
Mission: Impossible - Fallout,2018,97,115.606,"Fast, sleek, and fun, Mission: Impossible - Fallout lives up to the ""impossible"" part of its name by setting yet another high mark for insane set pieces in a franchise full of them.",The best intentions often come back to haunt you. MISSION: IMPOSSIBLE - FALLOUT finds Ethan Hunt (Tom Cruise) and his... [More],"Tom Cruise, Henry Cavill, Ving Rhames, Simon Pe",Christopher McQua
Raiders of the Lost Ark,1981,95,101.168,"Featuring bravura set pieces, sly humor, and white-knuckle action, Raiders of the Lost Ark is one of the most consummately entertaining adventure pictures of all time.","Indiana Jones (Harrison Ford) is no ordinary archeologist. When we first see him, he is somewhere in the Peruvian jungle... [More]","Harrison Ford, Karen Allen, Paul Freeman, Wolf Kahle",Steven Spielberg
Aliens,1986,97,104.074,"While Alien was a marvel of slow-building, atmospheric tension, Aliens packs a much more visceral punch, and features a typically strong performance from Sigourney Weaver.","Big-budget special effects, swiftly paced action, and a distinct feminist subtext from writer/director James Cameron turned what should have been... [More]","ourney Weaver, Carrie Henn, Michael Biehn, Paul Reise",James Cameron
Lat sau san taam (Hard-Boiled),1992,94,96.04,"Boasting impactful action as well as surprising emotional resonance, Hard Boiled is a powerful thriller that hits hard in more ways than one.","Yun-Fat portrays a maverick, clarinet-playing cop nicknamed ""Tequila"" whose partner is killed in the dizzying chaos of a restaurant gunfight... [More]","Yun-Fat Chow, Tony Leung Chiu Wai, Anthony Wong, Teresa Mo",John Woo
The Matrix,1999,87,93.701,"Thanks to the Wachowskis' imaginative vision, The Matrix is a smartly crafted combination of spectacular action and groundbreaking special effects.","What if virtual reality wasn't just for fun, but was being used to imprison you? That's the dilemma that faces... [More]","Keanu Reeves, Laurence Fishburne, Carrie-Anne Moss, Joe Pantoliano","Lilly Wachowski, Lana Wachowsk"
Terminator 2: Judgment Day,1991,93,99.155,"T2 features thrilling action sequences and eye-popping visual effects, but what takes this sci-fi/ action landmark to the next level is the depth of the human (and cyborg) characters.","A sequel to the sci-fi action thriller that made him and star Arnold Schwarzenegger A-list Hollywood names, writer/director James Cameron... [More]","Arnold Schwarzenegger, Linda Hamilton, Edward Furlong, Robert Patrick",James Cameron
Die Hard,1988,93,98.788,Its many imitators (and sequels) have never come close to matching the taut thrills of the definitive holiday action classic.,"It's Christmas time in L.A., and there's an employee party in progress on the 30th floor of the Nakatomi Corporation... [More]","Bruce Willis, Alan Rickman, Reginald VelJohnson, Bonnie Bedel",John McTiernan
Mad Max: Fury Road,2015,97,113.379,"With exhilarating action and a surprising amount of narrative heft, Mad Max: Fury Road brings George Miller's post-apocalyptic franchise roaring vigorously back to life.","Filmmaker George Miller gears up for another post-apocalyptic action adventure with Fury Road, the fourth outing in the Mad Max... [More]","Tom Hardy, Charlize Theron, Nicholas Hoult, Rosie Huntington-Whiteley",George Mill
